season,team,player_en,player_ko,kbo_player_id,verified_on
2015,KIA,Evan Meek,에반 믹,65630,2026-09-22
2015,KIA,Josh Stinson,조쉬 스틴슨,65658,2026-09-22
2015,KIA,Philip Humber,필립 험버,65659,2026-09-22
2015,삼성,Alfredo Fígaro,알프레도 피가로,65444,2026-09-22
2015,삼성,Tyler Cloyd,타일러 클로이드,65425,2026-09-22
2015,LG,Lucas Harrell,루카스 하렐,65137,2026-09-22
2015,LG,Henry Sosa,헨리 소사,62698,2026-09-22
2015,두산,Dustin Nippert,더스틴 니퍼트,61240,2026-09-22
2015,두산,Anthony Swarzak,앤서니 스와잭,65219,2026-09-22
2015,두산,Yunesky Maya,유네스키 마야,64219,2026-09-22
2015,롯데,Brooks Raley,브룩스 레일리,65546,2026-09-22
2015,롯데,Josh Lindblom,조쉬 린드블럼,65543,2026-09-22
2015,한화,Mitch Talbot,미치 탈보트,62451,2026-09-22
2015,한화,Shane Youman,셰인 유먼,62597,2026-09-22
2015,한화,Esmil Rogers,에스밀 로저스,65742,2026-09-22
2015,NC,Eric Hacker,에릭 해커,63938,2026-09-22
2015,NC,Zach Stewart,재크 스튜어트,65931,2026-09-22
2015,NC,Charlie Shirek,찰스 쉬렉,63939,2026-09-22
2015,SK,Merrill Kelly,메릴 켈리,65856,2026-09-22
2015,SK,Chris Seddon,크리스 세든,63810,2026-09-22
2015,SK,Travis Banwart,트래비스 밴와트,67845,2026-09-22
2015,넥센,Ryan Feierabend,라이언 피어밴드,65331,2026-09-22
2015,넥센,Andy Van Hekken,앤디 밴 헤켄,62322,2026-09-22
2015,KT,Andy Sisco,앤드루 시스코,64049,2026-09-22
2015,KT,Justin Germano,저스틴 저마노,61434,2026-09-22
2015,KT,Chris Oxspring,크리스 옥스프링,77199,2026-09-22
2015,KT,Phil Irwin,필 어윈,65036,2026-09-22
2016,KIA,Héctor Noesí,엑토르 노에시,66643,2026-09-22
2016,KIA,Zeke Spruill,지크 스프루일,66628,2026-09-22
2016,삼성,Arnold Leon,아놀드 레온,66446,2026-09-22
2016,삼성,Allen Webster,앨런 웹스터,66402,2026-09-22
2016,삼성,Yohan Flande,요한 플란데,66423,2026-09-22
2016,삼성,Collin Balester,콜린 벨레스터,66440,2026-09-22
2016,LG,David Huff,데이비드 허프,66138,2026-09-22
2016,LG,Scott Copeland,스콧 코플랜드,66154,2026-09-22
2016,LG,Henry Sosa,헨리 소사,62698,2026-09-22
2016,두산,Dustin Nippert,더스틴 니퍼트,61240,2026-09-22
2016,두산,Michael Bowden,마이클 보우덴,66226,2026-09-22
2016,롯데,Brooks Raley,브룩스 레일리,65546,2026-09-22
2016,롯데,Josh Lindblom,조쉬 린드블럼,65543,2026-09-22
2016,한화,Alessandro Maestri,알레산드로 마에스트리,66748,2026-09-22
2016,한화,Eric Surkamp,에릭 서캠프,66742,2026-09-22
2016,한화,Esmil Rogers,에스밀 로저스,65742,2026-09-22
2016,한화,Fabio Castillo,파비오 카스티요,66750,2026-09-22
2016,NC,Eric Hacker,에릭 해커,63938,2026-09-22
2016,NC,Zach Stewart,재크 스튜어트,65931,2026-09-22
2016,SK,Merrill Kelly,메릴 켈리,65856,2026-09-22
2016,SK,Braulio Lara,브라울리오 라라,66825,2026-09-22
2016,SK,Chris Seddon,크리스 세든,63810,2026-09-22
2016,넥센,Robert Coello,로버트 코엘로,66323,2026-09-22
2016,넥센,Scott McGregor,스캇 맥그레거,66324,2026-09-22
2016,넥센,Andy Van Hekken,앤디 밴 헤켄,62322,2026-09-22
2016,KT,Ryan Feierabend,라이언 피어밴드,65331,2026-09-22
2016,KT,Sugar Marimon,슈가 마리몬,66049,2026-09-22
2016,KT,Yohan Pino,요한 피노,66032,2026-09-22
2016,KT,Josh Lowey,조쉬 로위,66050,2026-09-22
2016,KT,Travis Banwart,트래비스 밴와트,67845,2026-09-22
2017,KIA,Héctor Noesí,엑토르 노에시,66643,2026-09-22
2017,KIA,Pat Dean,팻 딘,67645,2026-09-22
2017,삼성,Anthony Ranaudo,앤서니 레나도,67423,2026-09-22
2017,삼성,Zach Petrick,재크 페트릭,67435,2026-09-22
2017,LG,David Huff,데이비드 허프,66138,2026-09-22
2017,LG,Henry Sosa,헨리 소사,62698,2026-09-22
2017,두산,Dustin Nippert,더스틴 니퍼트,61240,2026-09-22
2017,두산,Michael Bowden,마이클 보우덴,66226,2026-09-22
2017,롯데,Nick Additon,닉 애디튼,67559,2026-09-22
2017,롯데,Brooks Raley,브룩스 레일리,65546,2026-09-22
2017,롯데,Josh Lindblom,조쉬 린드블럼,65543,2026-09-22
2017,한화,Alexi Ogando,알렉시 오간도,67748,2026-09-22
2017,한화,Carlos Villanueva,카를로스 비야누에바,67742,2026-09-22
2017,NC,Eric Hacker,에릭 해커,63938,2026-09-22
2017,NC,Jeff Manship,제프 맨쉽,67948,2026-09-22
2017,SK,Merrill Kelly,메릴 켈리,65856,2026-09-22
2017,SK,Scott Diamond,스캇 다이아몬드,67815,2026-09-22
2017,넥센,Sean O'Sullivan,션 오설리반,67312,2026-09-22
2017,넥센,Andy Van Hekken,앤디 밴 헤켄,62322,2026-09-22
2017,넥센,Jake Brigham,제이크 브리검,67313,2026-09-22
2017,KT,Donn Roach,돈 로치,67033,2026-09-22
2017,KT,Ryan Feierabend,라이언 피어밴드,65331,2026-09-22
2018,KIA,Héctor Noesí,엑토르 노에시,66643,2026-09-22
2018,KIA,Pat Dean,팻 딘,67645,2026-09-22
2018,삼성,Lisalverto Bonilla,리살베르토 보니야,68400,2026-09-22
2018,삼성,Tim Adleman,팀 애들먼,68435,2026-09-22
2018,LG,Tyler Wilson,타일러 윌슨,68135,2026-09-22
2018,LG,Henry Sosa,헨리 소사,62698,2026-09-22
2018,두산,Seth Frankoff,세스 프랭코프,68240,2026-09-22
2018,두산,Josh Lindblom,조쉬 린드블럼,65543,2026-09-22
2018,롯데,Brooks Raley,브룩스 레일리,65546,2026-09-22
2018,롯데,Félix Doubront,펠릭스 듀브론트,68526,2026-09-22
2018,한화,David Hale,데이비드 헤일,68794,2026-09-22
2018,한화,Jason Wheeler,제이슨 휠러,68742,2026-09-22
2018,한화,Keyvius Sampson,키버스 샘슨,68748,2026-09-22
2018,NC,Logan Verrett,로건 베렛,68953,2026-09-22
2018,NC,Wang Wei-chung,왕웨이중,68948,2026-09-22
2018,SK,Merrill Kelly,메릴 켈리,65856,2026-09-22
2018,SK,Ángel Sánchez,앙헬 산체스,68815,2026-09-22
2018,넥센,Eric Hacker,에릭 해커,63938,2026-09-22
2018,넥센,Esmil Rogers,에스밀 로저스,65742,2026-09-22
2018,넥센,Jake Brigham,제이크 브리검,67313,2026-09-22
2018,KT,Dustin Nippert,더스틴 니퍼트,61240,2026-09-22
2018,KT,Ryan Feierabend,라이언 피어밴드,65331,2026-09-22
2019,KIA,Jacob Turner,제이콥 터너,69640,2026-09-22
2019,KIA,Joe Wieland,조 윌랜드,69656,2026-09-22
2019,삼성,Deck McGuire,덱 맥과이어,69413,2026-09-22
2019,삼성,Bennett Lively,벤 라이블리,69439,2026-09-22
2019,삼성,Justin Haley,저스틴 헤일리,69435,2026-09-22
2019,LG,Casey Kelly,케이시 켈리,69103,2026-09-22
2019,LG,Tyler Wilson,타일러 윌슨,68135,2026-09-22
2019,두산,Seth Frankoff,세스 프랭코프,68240,2026-09-22
2019,두산,Josh Lindblom,조쉬 린드블럼,65543,2026-09-22
2019,롯데,Brock Dykxhoorn,브록 다익손,69861,2026-09-22
2019,롯데,Brooks Raley,브룩스 레일리,65546,2026-09-22
2019,롯데,Jake Thompson,제이크 톰슨,69550,2026-09-22
2019,한화,Warwick Saupold,워윅 서폴드,69744,2026-09-22
2019,한화,Chadwick Bell,채드 벨,69748,2026-09-22
2019,NC,Drew Rucinski,드류 루친스키,69940,2026-09-22
2019,NC,Eddie Butler,에디 버틀러,69934,2026-09-22
2019,NC,Christian Friedrich,크리스천 프리드릭,69953,2026-09-22
2019,SK,Ángel Sánchez,앙헬 산체스,68815,2026-09-22
2019,SK,Henry Sosa,헨리 소사,62698,2026-09-22
2019,키움,Eric Jokisch,에릭 요키시,69343,2026-09-22
2019,키움,Jake Brigham,제이크 브리검,67313,2026-09-22
2019,KT,Raúl Alcántara,라울 알칸타라,69045,2026-09-22
2019,KT,William Cuevas,윌리엄 쿠에바스,69032,2026-09-22
2020,KIA,Andrew Gagnon,드류 가뇽,50640,2026-09-22
2020,KIA,Aaron Brooks,애런 브룩스,50636,2026-09-22
2020,삼성,David Buchanan,데이비드 뷰캐넌,50404,2026-09-22
2020,삼성,Bennett Lively,벤 라이블리,69439,2026-09-22
2020,LG,Casey Kelly,케이시 켈리,69103,2026-09-22
2020,LG,Tyler Wilson,타일러 윌슨,68135,2026-09-22
2020,두산,Raúl Alcántara,라울 알칸타라,69045,2026-09-22
2020,두산,Christopher Flexen,크리스 플렉센,50234,2026-09-22
2020,롯데,Dan Straily,댄 스트레일리,50558,2026-09-22
2020,롯데,Adrian Sampson,애드리안 샘슨,50524,2026-09-22
2020,한화,Warwick Saupold,워릭 서폴드,69744,2026-09-22
2020,한화,Chadwick Bell,채드 벨,69748,2026-09-22
2020,NC,Drew Rucinski,드류 루친스키,69940,2026-09-22
2020,NC,Dennis Wright,마이크 라이트,50912,2026-09-22
2020,SK,Nicholas Kingham,닉 킹엄,50815,2026-09-22
2020,SK,Ricardo Pinto,리카르도 핀토,50835,2026-09-22
2020,키움,Eric Jokisch,에릭 요키시,69343,2026-09-22
2020,키움,Jake Brigham,제이크 브리검,67313,2026-09-22
2020,KT,Odrisamer Despaigne,오드리사머 데스파이네,50040,2026-09-22
2020,KT,William Cuevas,윌리엄 쿠에바스,69032,2026-09-22
2021,KIA,Daniel Mengden,대니얼 멩덴,51619,2026-09-22
2021,KIA,Bo Takahashi,보 다카하시,51636,2026-09-22
2021,KIA,Aaron Brooks,애런 브룩스,50636,2026-09-22
2021,삼성,David Buchanan,데이비드 뷰캐넌,50404,2026-09-22
2021,삼성,Mike Montgomery,마이크 몽고메리,51439,2026-09-22
2021,삼성,Bennett Lively,벤 라이블리,69439,2026-09-22
2021,LG,Andrew Suárez,앤드류 수아레즈,51136,2026-09-22
2021,LG,Casey Kelly,케이시 켈리,69103,2026-09-22
2021,두산,Ariel Miranda,아리엘 미란다,51257,2026-09-22
2021,두산,Walker Lockett,워커 로켓,51234,2026-09-22
2021,롯데,Dan Straily,댄 스트레일리,50558,2026-09-22
2021,롯데,Enderson Franco,앤더슨 프랑코,51567,2026-09-22
2021,한화,Nicholas Kingham,닉 킹엄,50815,2026-09-22
2021,한화,Ryan Carpenter,라이언 카펜터,51722,2026-09-22
2021,NC,Drew Rucinski,드류 루친스키,69940,2026-09-22
2021,NC,Wesley Parsons,웨스 파슨스,51967,2026-09-22
2021,SSG,Sam Gaviglio,샘 가빌리오,51833,2026-09-22
2021,SSG,Arthur Lewicki,아티 르위키,51834,2026-09-22
2021,SSG,Wilmer Font,윌머 폰트,51863,2026-09-22
2021,키움,Eric Jokisch,에릭 요키시,69343,2026-09-22
2021,키움,Jake Brigham,제이크 브리검,67313,2026-09-22
2021,키움,Josh Smith,조쉬 스미스,51334,2026-09-22
2021,KT,Odrisamer Despaigne,오드리사머 데스파이네,50040,2026-09-22
2021,KT,William Cuevas,윌리엄 쿠에바스,69032,2026-09-22
2022,KIA,Ronnie Williams,로니 윌리엄스,52645,2026-09-22
2022,KIA,Sean Nolin,션 놀린,52637,2026-09-22
2022,KIA,Thomas Pannone,토마스 파노니,52606,2026-09-22
2022,삼성,David Buchanan,데이비드 뷰캐넌,50404,2026-09-22
2022,삼성,Albert Suárez,앨버트 수아레즈,52457,2026-09-22
2022,LG,Adam Plutko,아담 플럿코,52145,2026-09-22
2022,LG,Casey Kelly,케이시 켈리,69103,2026-09-22
2022,두산,Robert Stock,로버트 스탁,52234,2026-09-22
2022,두산,Brandon Waddell,브랜던 워델,52257,2026-09-22
2022,두산,Ariel Miranda,아리엘 미란다,51257,2026-09-22
2022,롯데,Glenn Sparkman,글렌 스파크맨,52557,2026-09-22
2022,롯데,Dan Straily,댄 스트레일리,50558,2026-09-22
2022,롯데,Charlie Barnes,찰리 반즈,52528,2026-09-22
2022,한화,Nicholas Kingham,닉 킹엄,50815,2026-09-22
2022,한화,Ryan Carpenter,라이언 카펜터,51722,2026-09-22
2022,한화,Yefry Ramírez,예프리 라미레즈,52707,2026-09-22
2022,한화,Félix Peña,펠릭스 페냐,52720,2026-09-22
2022,NC,Drew Rucinski,드류 루친스키,69940,2026-09-22
2022,NC,Matthew Dermody,맷 더모디,52950,2026-09-22
2022,NC,Wesley Parsons,웨스 파슨스,51967,2026-09-22
2022,SSG,Shawn Morimando,숀 모리만도,52808,2026-09-22
2022,SSG,Wilmer Font,윌머 폰트,51863,2026-09-22
2022,SSG,Ivan Nova,이반 노바,52833,2026-09-22
2022,키움,Eric Jokisch,에릭 요키시,69343,2026-09-22
2022,키움,Tyler Eppler,타일러 애플러,52308,2026-09-22
2022,KT,Odrisamer Despaigne,오드리사머 데스파이네,50040,2026-09-22
2022,KT,Wes Benjamin,웨스 벤자민,52043,2026-09-22
2022,KT,William Cuevas,윌리엄 쿠에바스,69032,2026-09-22
2023,KIA,Mario Sanchez,마리오 산체스,53665,2026-09-22
2023,KIA,Shaun Anderson,숀 앤더슨,53664,2026-09-22
2023,KIA,Adonis Medina,아도니스 메디나,53645,2026-09-22
2023,KIA,Thomas Pannone,토마스 파노니,52606,2026-09-22
2023,삼성,David Buchanan,데이비드 뷰캐넌,50404,2026-09-22
2023,삼성,Albert Suárez,앨버트 수아레즈,52457,2026-09-22
2023,삼성,Taylor Widener,테일러 와이드너,53927,2026-09-22
2023,LG,Adam Plutko,아담 플럿코,52145,2026-09-22
2023,LG,Casey Kelly,케이시 켈리,69103,2026-09-22
2023,두산,Dylan File,딜런 파일,53233,2026-09-22
2023,두산,Raúl Alcántara,라울 알칸타라,69045,2026-09-22
2023,두산,Brandon Waddell,브랜던 워델,52257,2026-09-22
2023,롯데,Dan Straily,댄 스트레일리,50558,2026-09-22
2023,롯데,Aaron Wilkerson,애런 윌커슨,53546,2026-09-22
2023,롯데,Charlie Barnes,찰리 반즈,52528,2026-09-22
2023,한화,Ricardo Sánchez,리카르도 산체스,53714,2026-09-22
2023,한화,Burch Smith,버치 스미스,53734,2026-09-22
2023,한화,Félix Peña,펠릭스 페냐,52720,2026-09-22
2023,NC,Erick Fedde,에릭 페디,53913,2026-09-22
2023,NC,Tanner Tully,태너 털리,53909,2026-09-22
2023,SSG,Roenis Elías,로에니스 엘리아스,53825,2026-09-22
2023,SSG,Kirk McCarty,커크 맥카티,53833,2026-09-22
2023,키움,Ariel Jurado,아리엘 후라도,53375,2026-09-22
2023,키움,Eric Jokisch,에릭 요키시,69343,2026-09-22
2023,키움,Ian McKinney,이언 매키니,53322,2026-09-22
2023,KT,Beau Sulser,보 슐서,53040,2026-09-22
2023,KT,Wes Benjamin,웨스 벤자민,52043,2026-09-22
2023,KT,William Cuevas,윌리엄 쿠에바스,69032,2026-09-22
2024,KIA,Eric Lauer,에릭 라우어,54666,2026-09-22
2024,KIA,Eric Stout,에릭 스타우트,54615,2026-09-22
2024,KIA,William Crowe,윌 크로우,54612,2026-09-22
2024,KIA,James Naile,제임스 네일,54640,2026-09-22
2024,KIA,Cam Alldred,캠 알드레드,54664,2026-09-22
2024,삼성,Denyi Reyes,데니 레예스,54443,2026-09-22
2024,삼성,Connor Seabold,코너 시볼드,54452,2026-09-22
2024,LG,Dietrich Enns,디트릭 엔스,54134,2026-09-22
2024,LG,Elieser Hernández,엘리에이저 에르난데스,54119,2026-09-22
2024,LG,Casey Kelly,케이시 켈리,69103,2026-09-22
2024,두산,Raúl Alcántara,라울 알칸타라,69045,2026-09-22
2024,두산,Brandon Waddell,브랜던 워델,52257,2026-09-22
2024,두산,Keisho Shirakawa,시라카와 게이쇼,54843,2026-09-22
2024,두산,Jordan Balazovic,조던 발라조빅,54243,2026-09-22
2024,롯데,Aaron Wilkerson,애런 윌커슨,53546,2026-09-22
2024,롯데,Charlie Barnes,찰리 반즈,52528,2026-09-22
2024,한화,Ryan Weiss,라이언 와이스,54755,2026-09-22
2024,한화,Ricardo Sánchez,리카르도 산체스,53714,2026-09-22
2024,한화,Félix Peña,펠릭스 페냐,52720,2026-09-22
2024,한화,Jaime Barría,하이메 바리아,54720,2026-09-22
2024,NC,Daniel Castano,다니엘 카스타노,54920,2026-09-22
2024,NC,Eric Jokisch,에릭 요키시,69343,2026-09-22
2024,NC,Kyle Hart,카일 하트,54930,2026-09-22
2024,SSG,Andrew Anderson,드류 앤더슨,54833,2026-09-22
2024,SSG,Robert Dugger,로버트 더거,54804,2026-09-22
2024,SSG,Roenis Elías,로에니스 엘리아스,53825,2026-09-22
2024,SSG,Keisho Shirakawa,시라카와 게이쇼,54843,2026-09-22
2024,키움,Ariel Jurado,아리엘 후라도,53375,2026-09-22
2024,키움,Enmanuel De Jesus,엔마누엘 데 헤수스,54354,2026-09-22
2024,KT,Wes Benjamin,웨스 벤자민,52043,2026-09-22
2024,KT,William Cuevas,윌리엄 쿠에바스,69032,2026-09-22
