player_en,n_candidates,key_mlbam,mlb_first,mlb_last,kbo_first,kbo_last,candidates
Ronnie Dawson,1,669008,2021.0,2022.0,2023,2024,669008 (2021-2022)
Austin Dean,1,621573,2018.0,2022.0,2023,2024,621573 (2018-2022)
Guillermo Heredia,1,628338,2016.0,2022.0,2023,2024,628338 (2016-2022)
Henry Ramos,1,592656,2021.0,2023.0,2022,2024,592656 (2021-2023)
Jared Young,1,676724,2022.0,2026.0,2024,2024,676724 (2022-2026)
Victor Reyes,1,622682,2018.0,2022.0,2024,2024,622682 (2018-2022)
Matt Davidson,1,571602,2013.0,2022.0,2024,2024,571602 (2013-2022)
David MacKinnon,1,676950,2022.0,2022.0,2024,2024,676950 (2022-2022)
Lewin Diaz,1,650331,2020.0,2022.0,2024,2024,650331 (2020-2022)
Anthony Alford,1,546990,2017.0,2022.0,2022,2023,546990 (2017-2022)
Jose Rojas,1,670351,2021.0,2022.0,2023,2023,670351 (2021-2022)
Brian O'Grady,1,657434,2019.0,2021.0,2023,2023,657434 (2019-2021)
Niko Goodrum,1,592348,2017.0,2024.0,2023,2023,592348 (2017-2024)
Jason Martin,1,641829,2019.0,2021.0,2023,2023,641829 (2019-2021)
Mike Tauchman,1,643565,2017.0,2025.0,2022,2022,643565 (2017-2025)
Rio Ruiz,1,547004,2016.0,2021.0,2022,2022,547004 (2016-2021)
Robel Garcia,1,596825,2019.0,2021.0,2022,2022,596825 (2019-2021)
DJ Peters,1,656847,2021.0,2021.0,2022,2022,656847 (2021-2021)
Zach Reks,1,676646,2021.0,2022.0,2022,2023,676646 (2021-2022)
Nick Martini,1,605361,2018.0,2025.0,2022,2022,605361 (2018-2025)
Juan Lagares,1,501571,2013.0,2022.0,2022,2022,501571 (2013-2022)
Will Craig,1,643269,2020.0,2021.0,2021,2021,643269 (2020-2021)
Hernan Perez,1,541650,2012.0,2021.0,2021,2021,541650 (2012-2021)
Taylor Motter,1,600301,2016.0,2023.0,2020,2020,600301 (2016-2023)
Jacob Wilson,1,607111,,,2019,2019,607111 (2021-2021); 805779 (2024-2026)
Christian Bethancourt,1,542194,2013.0,2024.0,2019,2019,542194 (2013-2024)
Andy Burns,1,542992,2016.0,2021.0,2017,2018,542992 (2016-2021)
Darin Ruf,1,573131,2012.0,2023.0,2017,2019,573131 (2012-2023)
Socrates Brito,1,593647,2015.0,2019.0,2022,2024,593647 (2015-2019)
Nick Williams,1,608384,2017.0,2021.0,2023,2023,608384 (2017-2021)
Yasiel Puig,1,624577,2013.0,2019.0,2022,2022,624577 (2013-2019)
Kevin Cron,1,605196,2019.0,2020.0,2022,2022,605196 (2019-2020)
David Freitas,1,571679,2017.0,2019.0,2021,2021,571679 (2017-2019)
Ryon Healy,1,592387,2016.0,2020.0,2021,2021,592387 (2016-2020)
Justin Bour,1,571506,2014.0,2019.0,2021,2021,571506 (2014-2019)
Zoilo Almonte,1,501660,2013.0,2014.0,2021,2021,501660 (2013-2014)
Preston Tucker,1,605512,2015.0,2018.0,2019,2021,605512 (2015-2018)
Jose Miguel Fernandez,1,628336,,,2019,2022,
Dixon Machado,1,553988,2015.0,2022.0,2020,2021,553988 (2015-2022)
Aaron Altherr,1,571437,2014.0,2019.0,2020,2021,571437 (2014-2019)
Tyler Saladino,1,573135,2015.0,2019.0,2020,2020,573135 (2015-2019)
Daniel Palka,1,594953,2018.0,2019.0,2020,2020,594953 (2018-2019)
Tyler White,1,643603,2016.0,2019.0,2020,2020,643603 (2016-2019)
Addison Russell,1,608365,2015.0,2019.0,2020,2023,608365 (2015-2019)
Brandon Barnes,1,488681,2012.0,2018.0,2020,2020,488681 (2012-2018)
Jeremy Hazelbaker,1,571757,2016.0,2017.0,2019,2019,571757 (2016-2017)
Tommy Joseph,1,571830,2016.0,2017.0,2019,2019,571830 (2016-2017)
Carlos Peguero,1,451713,2011.0,2015.0,2019,2019,451713 (2011-2015)
Carlos Asuaje,1,641319,2016.0,2018.0,2019,2019,641319 (2016-2018)
Jake Smolinski,1,519295,2014.0,2018.0,2019,2019,519295 (2014-2018)
Mac Williamson,1,607776,2015.0,2019.0,2019,2019,607776 (2015-2019)
Roger Bernadina,1,465668,2008.0,2014.0,2017,2018,465668 (2008-2014)
Michael Choice,1,574831,2013.0,2015.0,2017,2018,574831 (2013-2015)
Adonis Garcia,1,611177,2015.0,2017.0,2018,2018,611177 (2015-2017)
Jerry Sands,1,543742,2011.0,2016.0,2018,2019,543742 (2011-2016)
Jimmy Paredes,1,517370,2011.0,2016.0,2018,2018,517370 (2011-2016)
Scott Van Slyke,1,475100,2012.0,2017.0,2018,2018,475100 (2012-2017)
Jared Hoying,1,592419,2016.0,2021.0,2018,2021,592419 (2016-2021)
Xavier Scruggs,1,489305,2014.0,2016.0,2017,2018,489305 (2014-2016)
Danny Worth,1,519445,2010.0,2016.0,2017,2017,519445 (2010-2016)
James Loney,1,425766,2006.0,2016.0,2017,2017,425766 (2006-2016)
Jamie Romak,1,457449,2014.0,2015.0,2017,2021,457449 (2014-2015)
Johnny Monell,1,476192,2013.0,2015.0,2017,2017,476192 (2013-2015)
Jim Adduci,1,451192,2013.0,2019.0,2015,2016,451192 (2013-2019)
Danny Dorn,1,457760,2015.0,2015.0,2016,2017,457760 (2015-2015)
Nick Evans,1,452783,2008.0,2014.0,2016,2017,452783 (2008-2014)
Hector Gomez,1,467143,2011.0,2015.0,2016,2016,467143 (2011-2015)
Justin Maxwell,1,452239,2007.0,2015.0,2016,2016,452239 (2007-2015)
Wilin Rosario,1,501647,2011.0,2015.0,2016,2017,501647 (2011-2015)
Brett Pill,1,489209,2011.0,2013.0,2015,2016,489209 (2011-2013)
Brad Snyder,1,430957,2010.0,2014.0,2015,2015,430957 (2010-2014)
Zach Lutz,1,518963,2012.0,2013.0,2015,2015,518963 (2012-2013)
Nyjer Morgan,1,460579,2007.0,2014.0,2015,2015,460579 (2007-2014)
Jake Fox,1,444844,2007.0,2011.0,2015,2015,444844 (2007-2011)
Jack Hannahan,1,435219,2006.0,2014.0,2015,2015,435219 (2006-2014)
Luis Jimenez,1,499864,,,2015,2017,455921 (2012-2012); 499864 (2013-2015)
Eric Thames,1,519346,2011.0,2020.0,2015,2016,519346 (2011-2020)
Yamaico Navarro,1,501605,2010.0,2013.0,2015,2015,501605 (2010-2013)
Andrew Brown,1,518500,,,2015,2015,518500 (2011-2014); 408046 (2006-2008)
Andy Marte,1,429708,2005.0,2014.0,2015,2016,429708 (2005-2014)
Jose Pirela,1,517369,2014.0,2019.0,2021,2023,517369 (2014-2019)
