player_en,key_mlbam,pa,ab,h,double,triple,hr,bb,ibb,so,hbp,sf,season
James Loney,425766,651,600,174,27,0,9,41,2,80,4,6,2014
Andy Marte,429708,16,16,3,0,0,1,0,0,3,0,0,2014
Brad Snyder,430957,34,30,5,1,0,2,4,0,10,0,0,2014
Jack Hannahan,435219,50,48,9,3,0,0,2,0,17,0,0,2014
Jim Adduci,451192,114,101,17,3,0,1,10,0,27,0,2,2014
Carlos Peguero,451713,10,9,2,1,0,0,1,0,5,0,0,2014
Justin Maxwell,452239,45,40,6,1,0,0,2,0,20,2,1,2014
Nick Evans,452783,23,22,6,2,0,2,1,0,10,0,0,2014
Jamie Romak,457449,23,21,1,1,0,0,2,0,8,0,0,2014
Nyjer Morgan,460579,52,41,14,1,0,1,7,0,6,0,1,2014
Roger Bernadina,465668,81,66,11,3,0,1,10,0,19,3,0,2014
Hector Gomez,467143,21,20,3,1,0,0,1,0,9,0,0,2014
Scott Van Slyke,475100,242,209,61,12,1,10,27,0,71,4,2,2014
Brandon Barnes,488681,314,292,75,17,4,8,15,0,100,0,0,2014
Xavier Scruggs,489305,18,15,3,1,0,0,2,0,7,1,0,2014
Luis Jimenez,499864,41,37,6,2,0,0,0,0,13,2,0,2014
Juan Lagares,501571,454,416,117,24,3,4,20,1,87,7,6,2014
Wilin Rosario,501647,410,382,102,25,0,13,23,5,70,0,5,2014
Zoilo Almonte,501660,36,36,5,0,0,1,0,0,14,0,0,2014
Jose Pirela,517369,25,24,8,1,2,0,1,0,4,0,0,2014
Jimmy Paredes,517370,65,63,18,4,0,2,2,0,16,0,0,2014
Andrew Brown,518500,49,44,8,1,0,2,3,0,15,1,1,2014
Jake Smolinski,519295,92,86,30,5,0,3,3,0,24,3,0,2014
Danny Worth,519445,46,42,7,1,0,0,2,0,12,1,1,2014
Hernan Perez,541650,6,5,1,0,0,0,1,0,1,0,0,2014
Christian Bethancourt,542194,117,113,28,3,0,0,3,0,26,1,0,2014
Jerry Sands,543742,22,21,4,0,0,1,0,0,6,1,0,2014
Aaron Altherr,571437,5,5,0,0,0,0,0,0,2,0,0,2014
Justin Bour,571506,83,74,21,3,0,1,9,1,19,0,0,2014
Darin Ruf,573131,117,102,24,8,0,3,8,0,32,4,2,2014
Michael Choice,574831,281,253,46,6,1,9,21,0,69,3,3,2014
Yasiel Puig,624577,632,548,162,36,9,16,67,3,120,11,1,2014
James Loney,425766,390,361,101,16,0,4,23,5,34,1,3,2015
Carlos Peguero,451713,90,75,14,4,0,4,13,0,37,1,1,2015
Justin Maxwell,452239,277,249,52,8,2,7,20,1,76,3,1,2015
Jamie Romak,457449,16,15,5,2,0,0,1,0,6,0,0,2015
Danny Dorn,457760,32,30,5,1,0,0,2,0,10,0,0,2015
Hector Gomez,467143,136,127,23,11,2,1,3,0,40,2,0,2015
Scott Van Slyke,475100,253,222,53,14,0,6,23,2,62,4,3,2015
Johnny Monell,476192,52,48,8,2,0,0,4,0,13,0,0,2015
Brandon Barnes,488681,281,255,64,13,2,2,21,3,67,3,1,2015
Xavier Scruggs,489305,44,42,11,2,0,0,0,0,10,1,0,2015
Luis Jimenez,499864,17,16,1,0,0,0,1,0,6,0,0,2015
Juan Lagares,501571,466,441,114,16,5,6,16,2,87,4,3,2015
Wilin Rosario,501647,242,231,62,14,1,6,8,2,56,1,1,2015
Jose Pirela,517369,78,74,17,3,0,1,2,0,16,0,1,2015
Jimmy Paredes,517370,384,363,100,17,2,10,19,0,111,0,2,2015
Jake Smolinski,519295,193,166,32,7,2,6,19,0,39,3,4,2015
Hernan Perez,541650,272,263,64,15,2,1,5,1,59,0,1,2015
Christian Bethancourt,542194,161,155,31,8,0,2,5,1,33,0,0,2015
Jerry Sands,543742,133,123,29,5,1,4,9,0,36,0,1,2015
Dixon Machado,553988,78,68,16,3,0,0,7,0,14,0,0,2015
Aaron Altherr,571437,161,137,33,11,4,5,16,0,41,5,2,2015
Justin Bour,571506,448,409,107,20,0,23,34,3,101,2,1,2015
Darin Ruf,573131,297,268,63,12,0,12,21,0,69,5,3,2015
Tyler Saladino,573135,254,236,53,6,4,4,12,0,51,2,1,2015
Michael Choice,574831,1,1,0,0,0,0,0,0,1,0,0,2015
Socrates Brito,593647,34,33,10,3,1,0,1,0,7,0,0,2015
Preston Tucker,605512,324,300,73,19,0,13,20,0,68,3,0,2015
Mac Williamson,607776,34,32,7,0,1,0,0,0,8,1,1,2015
Addison Russell,608365,523,475,115,29,1,13,42,2,149,3,2,2015
Adonis Garcia,611177,198,191,53,12,0,10,5,0,35,0,2,2015
Yasiel Puig,624577,311,282,72,12,3,11,26,1,66,2,1,2015
James Loney,425766,366,343,91,16,1,9,16,3,37,5,1,2016
Scott Van Slyke,475100,113,102,23,6,0,1,5,1,24,5,1,2016
Brandon Barnes,488681,110,100,22,6,2,0,3,0,30,1,0,2016
Xavier Scruggs,489305,69,62,13,3,0,1,5,0,20,2,0,2016
Juan Lagares,501571,160,142,34,7,2,3,11,1,27,2,1,2016
Jose Pirela,517369,41,39,6,2,0,0,1,0,9,0,0,2016
Jimmy Paredes,517370,167,158,35,8,0,5,7,0,48,0,1,2016
Jake Smolinski,519295,319,290,69,6,2,7,19,0,44,7,2,2016
Danny Worth,519445,40,39,7,2,0,0,1,0,6,0,0,2016
Hernan Perez,541650,431,404,110,18,3,13,18,0,94,1,4,2016
Christian Bethancourt,542194,205,193,44,9,0,6,10,0,56,0,1,2016
Andy Burns,542992,7,6,0,0,0,0,0,0,2,1,0,2016
Jerry Sands,543742,58,55,13,0,0,1,3,0,24,0,0,2016
Rio Ruiz,547004,7,7,2,0,1,0,0,0,2,0,0,2016
Dixon Machado,553988,13,10,1,0,0,0,3,0,4,0,0,2016
Aaron Altherr,571437,228,198,39,6,0,4,23,2,69,6,0,2016
Justin Bour,571506,322,280,74,12,1,15,38,9,56,0,3,2016
Matt Davidson,571602,2,2,1,0,0,0,0,0,1,0,0,2016
Jeremy Hazelbaker,571757,224,200,47,7,3,12,18,2,64,0,2,2016
Tommy Joseph,571830,347,315,81,15,0,21,22,0,75,4,6,2016
Darin Ruf,573131,89,83,17,2,0,3,4,0,25,0,2,2016
Tyler Saladino,573135,319,298,84,14,0,8,13,0,62,3,3,2016
Ryon Healy,592387,284,269,82,20,0,13,12,1,60,1,0,2016
Jared Hoying,592419,49,46,10,2,0,0,3,0,8,0,0,2016
Socrates Brito,593647,98,95,17,3,1,4,2,0,23,0,0,2016
Taylor Motter,600301,93,80,15,3,0,2,11,0,19,1,1,2016
Preston Tucker,605512,144,134,22,8,1,4,8,0,40,2,0,2016
Mac Williamson,607776,128,112,25,3,0,6,13,0,35,2,0,2016
Addison Russell,608365,601,527,126,25,3,22,55,6,136,12,6,2016
Adonis Garcia,611177,563,532,145,29,0,14,24,4,93,6,0,2016
Yasiel Puig,624577,368,334,88,14,2,11,24,0,74,7,3,2016
Guillermo Heredia,628338,107,92,23,3,0,1,12,0,15,2,0,2016
Carlos Asuaje,641319,25,24,5,2,0,0,1,0,4,0,0,2016
Tyler White,643603,276,249,54,16,0,8,23,1,65,2,2,2016
Jim Adduci,451192,93,83,20,6,2,1,10,0,27,0,0,2017
Scott Van Slyke,475100,48,41,5,1,0,2,7,1,15,0,0,2017
Juan Lagares,501571,273,252,63,16,2,3,14,0,56,3,1,2017
Jose Pirela,517369,344,312,90,25,4,10,27,0,71,2,2,2017
Jake Smolinski,519295,29,27,7,1,0,0,1,0,6,1,0,2017
Eric Thames,519346,551,469,116,26,4,31,75,5,163,7,0,2017
Hernan Perez,541650,459,432,112,19,3,14,20,1,79,0,4,2017
Christian Bethancourt,542194,7,7,1,0,0,0,0,0,3,0,0,2017
Anthony Alford,546990,8,8,1,1,0,0,0,0,3,0,0,2017
Rio Ruiz,547004,173,150,29,5,0,4,19,1,41,1,3,2017
Dixon Machado,553988,181,166,43,5,1,1,10,0,32,1,2,2017
Aaron Altherr,571437,413,372,101,24,5,19,32,2,104,7,1,2017
Justin Bour,571506,429,377,109,18,0,25,47,7,95,1,4,2017
Matt Davidson,571602,443,414,91,16,1,26,19,0,165,5,5,2017
David Freitas,571679,17,17,4,2,0,0,0,0,4,0,0,2017
Jeremy Hazelbaker,571757,61,52,18,2,2,2,9,2,20,0,0,2017
Tommy Joseph,571830,535,495,119,27,1,22,33,1,129,2,3,2017
Tyler Saladino,573135,284,253,45,9,2,0,23,0,67,3,0,2017
Niko Goodrum,592348,18,17,1,0,0,0,1,0,10,0,0,2017
Ryon Healy,592387,605,576,156,29,0,25,23,0,142,4,2,2017
Jared Hoying,592419,77,72,16,3,0,1,4,0,23,0,1,2017
Taylor Motter,600301,280,258,51,12,0,7,21,0,62,0,1,2017
Mac Williamson,607776,73,68,16,2,0,3,5,1,25,0,0,2017
Addison Russell,608365,386,352,84,21,3,12,29,5,91,4,0,2017
Nick Williams,608384,343,313,90,14,4,12,20,0,97,6,4,2017
Adonis Garcia,611177,183,173,41,4,0,5,7,0,23,2,1,2017
Yasiel Puig,624577,570,499,131,24,2,28,64,8,100,2,5,2017
Guillermo Heredia,628338,426,386,96,16,0,6,27,2,64,11,1,2017
Carlos Asuaje,641319,343,307,83,14,1,4,28,0,76,2,1,2017
Mike Tauchman,643565,32,27,6,0,1,0,5,0,10,0,0,2017
Tyler White,643603,68,61,17,6,0,3,4,0,16,1,1,2017
Jim Adduci,451192,185,176,47,8,2,3,6,0,45,0,1,2018
Brandon Barnes,488681,21,19,5,0,0,1,2,0,5,0,0,2018
Juan Lagares,501571,64,59,20,1,1,0,3,1,9,1,1,2018
Jose Pirela,517369,474,438,109,23,2,5,30,1,89,3,2,2018
Jake Smolinski,519295,41,39,5,1,1,0,1,0,10,1,0,2018
Eric Thames,519346,279,247,54,10,3,16,29,4,97,2,0,2018
Hernan Perez,541650,334,316,80,11,2,9,17,1,71,0,1,2018
Anthony Alford,546990,21,19,2,0,0,0,2,0,9,0,0,2018
Rio Ruiz,547004,15,12,1,0,0,0,2,0,5,1,0,2018
Dixon Machado,553988,234,214,44,13,1,1,14,1,41,3,1,2018
Aaron Altherr,571437,285,243,44,11,1,8,36,0,91,4,2,2018
Justin Bour,571506,501,423,96,13,1,20,73,6,124,2,3,2018
Matt Davidson,571602,497,434,99,23,0,20,52,0,165,7,3,2018
David Freitas,571679,103,93,20,6,0,1,8,0,25,0,0,2018
Tyler Saladino,573135,139,126,31,4,0,5,9,0,41,1,1,2018
Niko Goodrum,592348,493,445,109,29,3,16,42,1,133,4,2,2018
Ryon Healy,592387,526,493,116,15,0,24,27,0,113,2,2,2018
Socrates Brito,593647,44,40,7,0,0,1,3,0,9,0,1,2018
Daniel Palka,594953,449,417,100,15,3,27,30,3,153,2,0,2018
Taylor Motter,600301,39,34,5,0,0,1,4,0,8,0,0,2018
Nick Martini,605361,179,152,45,9,3,1,21,1,36,5,1,2018
Preston Tucker,605512,184,166,38,11,0,6,13,0,43,4,1,2018
Mac Williamson,607776,106,94,20,4,0,4,11,0,27,0,0,2018
Addison Russell,608365,465,420,105,21,1,5,40,2,99,2,2,2018
Nick Williams,608384,448,407,104,12,3,17,32,2,111,9,0,2018
Austin Dean,621573,123,113,25,4,0,4,7,0,22,2,0,2018
Victor Reyes,622682,220,212,47,5,3,1,5,0,46,0,1,2018
Yasiel Puig,624577,444,405,108,21,1,23,36,2,87,1,2,2018
Jose Miguel Fernandez,628336,123,116,31,8,0,2,6,0,15,1,0,2018
Guillermo Heredia,628338,337,292,69,14,1,5,32,0,52,4,2,2018
Carlos Asuaje,641319,220,189,37,8,1,2,24,1,46,1,3,2018
Mike Tauchman,643565,37,32,3,1,0,0,4,0,15,0,0,2018
Tyler White,643603,237,210,58,12,3,12,24,0,49,2,1,2018
Jim Adduci,451192,5,5,0,0,0,0,0,0,3,0,0,2019
Juan Lagares,501571,288,259,55,12,1,5,22,4,76,2,1,2019
Jose Pirela,517369,24,22,4,1,0,1,2,0,7,0,0,2019
Eric Thames,519346,460,396,98,23,2,25,51,4,140,10,2,2019
Hernan Perez,541650,246,232,53,11,0,8,11,0,66,0,1,2019
Anthony Alford,546990,30,28,5,0,0,1,1,0,11,1,0,2019
Rio Ruiz,547004,413,370,86,13,2,12,40,0,88,0,2,2019
Aaron Altherr,571437,66,61,5,2,0,1,3,0,25,1,1,2019
Justin Bour,571506,170,151,26,5,0,8,17,0,52,1,1,2019
David Freitas,571679,20,15,1,0,0,0,4,0,5,0,1,2019
Tyler Saladino,573135,71,65,8,0,0,2,5,0,26,1,0,2019
Niko Goodrum,592348,475,423,105,27,5,12,46,1,138,1,2,2019
Ryon Healy,592387,178,160,37,14,0,6,13,0,39,1,4,2019
Socrates Brito,593647,43,39,3,0,1,0,4,0,17,0,0,2019
Daniel Palka,594953,93,84,9,0,0,2,8,0,35,1,0,2019
Robel Garcia,596825,80,72,15,2,2,5,7,0,35,0,1,2019
Kevin Cron,605196,78,71,15,4,0,6,4,0,28,2,1,2019
Nick Martini,605361,109,93,21,4,1,1,14,0,26,1,1,2019
Mac Williamson,607776,144,128,20,1,0,4,14,0,44,2,0,2019
Addison Russell,608365,242,215,51,4,1,9,20,2,58,3,2,2019
Nick Williams,608384,112,106,16,4,0,2,4,0,43,2,0,2019
Austin Dean,621573,189,178,40,14,0,6,9,1,47,0,1,2019
Victor Reyes,622682,292,276,84,16,5,3,14,0,64,0,2,2019
Yasiel Puig,624577,612,555,148,30,2,24,44,1,133,8,4,2019
Guillermo Heredia,628338,232,204,46,13,0,5,18,0,60,6,1,2019
Jason Martin,641829,40,36,9,2,0,0,4,0,10,0,0,2019
Mike Tauchman,643565,296,260,72,18,1,13,34,0,71,1,1,2019
Tyler White,643603,279,240,50,14,0,3,36,0,78,0,3,2019
Brian O'Grady,657434,48,42,8,2,1,2,4,0,17,2,0,2019
Eric Thames,519346,140,123,25,5,0,3,14,1,42,3,0,2020
Hernan Perez,541650,6,6,1,0,0,0,0,0,2,0,0,2020
Anthony Alford,546990,29,28,6,0,1,2,1,0,8,0,0,2020
Rio Ruiz,547004,204,185,41,11,0,9,17,1,46,0,1,2020
Matt Davidson,571602,47,43,7,1,0,3,4,0,13,0,0,2020
Darin Ruf,573131,101,88,24,6,0,5,13,0,24,0,0,2020
Niko Goodrum,592348,179,158,29,7,1,5,18,0,69,0,3,2020
Ryon Healy,592387,7,7,1,0,0,0,0,0,2,0,0,2020
Kevin Cron,605196,20,17,0,0,0,0,1,0,7,2,0,2020
Austin Dean,621573,7,4,1,1,0,0,3,0,2,0,0,2020
Victor Reyes,622682,213,202,56,7,2,4,9,0,45,2,0,2020
Guillermo Heredia,628338,36,33,7,0,0,2,3,0,9,0,0,2020
Jason Martin,641829,11,9,0,0,0,0,2,0,4,0,0,2020
Will Craig,643269,4,4,0,0,0,0,0,0,1,0,0,2020
Mike Tauchman,643565,111,95,23,6,0,0,14,3,26,1,1,2020
Lewin Diaz,650331,41,39,6,2,0,0,2,0,12,0,0,2020
Brian O'Grady,657434,5,5,2,1,0,0,0,0,1,0,0,2020
Juan Lagares,501571,327,309,73,20,2,6,12,0,76,1,1,2021
Hernan Perez,541650,21,19,1,0,0,0,2,0,10,0,0,2021
Andy Burns,542992,15,11,3,1,0,0,3,0,1,1,0,2021
Anthony Alford,546990,148,133,31,6,1,5,12,1,58,3,0,2021
Rio Ruiz,547004,141,125,21,4,0,3,12,0,38,1,2,2021
Darin Ruf,573131,308,259,71,13,2,16,45,2,86,3,1,2021
Niko Goodrum,592348,325,290,62,11,2,9,29,0,107,4,2,2021
Jared Hoying,592419,3,3,0,0,0,0,0,0,1,0,0,2021
Henry Ramos,592656,55,50,10,2,0,1,4,0,12,0,1,2021
Robel Garcia,596825,117,106,16,3,0,1,8,0,42,1,1,2021
Taylor Motter,600301,28,25,5,1,1,0,3,0,8,0,0,2021
Nick Martini,605361,45,37,10,1,0,0,6,1,10,0,2,2021
Jacob Wilson,607111,21,20,3,1,1,0,1,0,3,0,0,2021
Nick Williams,608384,13,10,0,0,0,0,1,0,4,2,0,2021
Austin Dean,621573,38,30,7,2,0,1,6,0,11,0,2,2021
Victor Reyes,622682,217,206,53,10,4,5,7,0,54,0,1,2021
Guillermo Heredia,628338,342,301,65,26,0,5,31,3,80,9,1,2021
Jason Martin,641829,154,141,30,3,0,6,8,0,41,0,1,2021
Will Craig,643269,65,60,13,2,0,1,5,1,22,0,0,2021
Mike Tauchman,643565,191,166,30,5,0,4,23,0,58,1,0,2021
Lewin Diaz,650331,129,122,25,4,1,8,6,1,33,0,0,2021
DJ Peters,656847,237,219,44,9,1,13,12,4,81,2,3,2021
Brian O'Grady,657434,61,51,8,3,0,2,8,0,17,0,1,2021
Ronnie Dawson,669008,6,5,1,0,0,0,1,0,0,0,0,2021
Jose Rojas,670351,185,168,35,14,0,6,15,0,50,1,0,2021
Zach Reks,676646,10,10,0,0,0,0,0,0,7,0,0,2021
Juan Lagares,501571,62,60,11,2,1,0,2,0,15,0,0,2022
Christian Bethancourt,542194,335,318,80,17,0,11,12,0,80,2,0,2022
Anthony Alford,546990,4,4,1,0,0,0,0,0,2,0,0,2022
Dixon Machado,553988,17,15,3,0,0,0,1,0,5,1,0,2022
Matt Davidson,571602,37,34,5,0,0,2,3,0,13,0,0,2022
Darin Ruf,573131,388,334,68,12,0,11,45,0,105,6,3,2022
Niko Goodrum,592348,45,43,5,2,0,0,2,0,23,0,0,2022
Taylor Motter,600301,6,6,1,0,0,0,0,0,3,0,0,2022
Austin Dean,621573,9,8,3,0,0,0,1,0,0,0,0,2022
Victor Reyes,622682,338,315,80,19,3,3,13,0,77,4,4,2022
Guillermo Heredia,628338,82,76,12,3,1,3,6,0,32,0,0,2022
Lewin Diaz,650331,174,160,27,4,0,5,11,0,54,1,2,2022
Ronnie Dawson,669008,3,3,0,0,0,0,0,0,2,0,0,2022
Jose Rojas,670351,58,56,7,2,0,0,0,0,19,1,0,2022
Zach Reks,676646,34,34,9,1,0,0,0,0,10,0,0,2022
Jared Young,676724,22,19,5,2,0,0,3,0,7,0,0,2022
David MacKinnon,676950,57,50,7,0,0,0,6,0,17,0,1,2022
Christian Bethancourt,542194,333,315,71,16,0,11,13,0,91,0,3,2023
Darin Ruf,573131,57,49,11,3,0,0,8,0,16,0,0,2023
Henry Ramos,592656,87,74,18,3,1,0,11,0,21,1,0,2023
Taylor Motter,600301,82,76,13,3,0,0,5,0,31,1,0,2023
Nick Martini,605361,79,72,19,3,1,6,5,0,15,2,0,2023
Mike Tauchman,643565,402,337,85,18,0,8,56,1,86,4,3,2023
Jared Young,676724,47,43,8,0,3,2,3,0,13,1,0,2023
Christian Bethancourt,542194,147,139,29,7,0,5,5,0,36,1,0,2024
Niko Goodrum,592348,34,29,3,0,0,0,3,0,10,0,0,2024
Nick Martini,605361,164,146,31,4,2,5,9,0,38,4,3,2024
Mike Tauchman,643565,351,298,74,12,1,7,47,0,70,4,1,2024
