player_en,kbo_first,kbo_last,kbo_seasons,n_candidates,key_mlbam,mlb_first,mlb_last,candidates,mlb_record
Aaron Brooks,2020,2021,2,1,605156,2014.0,2026.0,605156 (2014-2026),True
Aaron Wilkerson,2023,2024,2,1,658792,2017.0,2019.0,658792 (2017-2019),True
Adam Plutko,2022,2023,2,1,592644,2016.0,2021.0,592644 (2016-2021),True
Adonis Medina,2023,2023,1,1,658431,2020.0,2022.0,658431 (2020-2022),True
Adrian Sampson,2020,2020,1,1,592716,2016.0,2022.0,592716 (2016-2022),True
Albert Suárez,2022,2023,2,1,544150,2016.0,2026.0,544150 (2016-2026),True
Alessandro Maestri,2016,2016,1,0,,,,,False
Alexi Ogando,2017,2017,1,1,468396,2010.0,2018.0,468396 (2010-2018),True
Alfredo Fígaro,2015,2015,1,1,451628,2009.0,2014.0,451628 (2009-2014),True
Allen Webster,2016,2016,1,1,543903,2013.0,2019.0,543903 (2013-2019),True
Andrew Anderson,2024,2024,1,0,,,,,True
Andrew Gagnon,2020,2020,1,1,543193,,,,True
Andrew Suárez,2021,2021,1,1,605498,2018.0,2023.0,605498 (2018-2023),True
Andy Sisco,2015,2015,1,1,434878,2005.0,2007.0,434878 (2005-2007),True
Andy Van Hekken,2015,2017,3,0,,,,,True
Anthony Ranaudo,2017,2017,1,1,519168,2014.0,2016.0,519168 (2014-2016),True
Anthony Swarzak,2015,2015,1,1,461872,2009.0,2021.0,461872 (2009-2021),True
Ariel Jurado,2023,2024,2,1,642558,2018.0,2020.0,642558 (2018-2020),True
Ariel Miranda,2021,2022,2,1,664641,2016.0,2018.0,664641 (2016-2018),True
Arnold Leon,2016,2016,1,1,504186,2015.0,2016.0,504186 (2015-2016),True
Arthur Lewicki,2021,2021,1,1,592499,,,,True
Beau Sulser,2023,2023,1,1,676641,2022.0,2022.0,676641 (2022-2022),True
Bennett Lively,2019,2021,3,1,594902,,,,True
Bo Takahashi,2021,2021,1,0,,,,,False
Brandon Waddell,2022,2024,3,1,663399,2020.0,2025.0,663399 (2020-2025),True
Braulio Lara,2016,2016,1,0,,,,,False
Brock Dykxhoorn,2019,2019,1,0,,,,,False
Brooks Raley,2015,2019,5,1,548384,2012.0,2026.0,548384 (2012-2026),True
Burch Smith,2023,2023,1,1,572143,2013.0,2026.0,572143 (2013-2026),True
Cam Alldred,2024,2024,1,1,682027,2022.0,2022.0,682027 (2022-2022),True
Carlos Villanueva,2017,2017,1,1,453646,2006.0,2016.0,453646 (2006-2016),True
Casey Kelly,2019,2024,6,1,543391,2012.0,2025.0,543391 (2012-2025),True
Chadwick Bell,2019,2020,2,1,518445,,,,True
Charlie Barnes,2022,2024,3,1,656212,2021.0,2026.0,656212 (2021-2026),True
Charlie Shirek,2015,2015,1,0,,,,,False
Chris Oxspring,2015,2015,1,1,430684,2005.0,2005.0,430684 (2005-2005),True
Chris Seddon,2015,2016,2,1,434629,2007.0,2012.0,434629 (2007-2012),True
Christian Friedrich,2019,2019,1,1,543184,2012.0,2016.0,543184 (2012-2016),True
Christopher Flexen,2020,2020,1,1,623167,,,,True
Collin Balester,2016,2016,1,1,444446,2008.0,2015.0,444446 (2008-2015),True
Connor Seabold,2024,2024,1,1,657756,2021.0,2026.0,657756 (2021-2026),True
Dan Straily,2020,2023,4,1,573185,2012.0,2019.0,573185 (2012-2019),True
Daniel Castano,2024,2024,1,1,641447,2020.0,2023.0,641447 (2020-2023),True
Daniel Mengden,2021,2021,1,1,596043,2016.0,2022.0,596043 (2016-2022),True
David Buchanan,2020,2023,4,1,571527,2014.0,2024.0,571527 (2014-2024),True
David Hale,2018,2018,1,1,571735,2013.0,2021.0,571735 (2013-2021),True
David Huff,2016,2017,2,1,453307,2009.0,2016.0,453307 (2009-2016),True
Deck McGuire,2019,2019,1,1,592547,2017.0,2018.0,592547 (2017-2018),True
Dennis Wright,2020,2020,1,1,605541,,,,True
Denyi Reyes,2024,2024,1,1,660593,2022.0,2023.0,660593 (2022-2023),True
Dietrich Enns,2024,2024,1,1,608650,2017.0,2026.0,608650 (2017-2026),True
Donn Roach,2017,2017,1,1,543698,2014.0,2016.0,543698 (2014-2016),True
Drew Rucinski,2019,2022,4,1,607968,2014.0,2023.0,607968 (2014-2023),True
Dustin Nippert,2015,2018,4,1,430962,2005.0,2010.0,430962 (2005-2010),True
Dylan File,2023,2023,1,0,,,,,False
Eddie Butler,2019,2019,1,1,572750,2014.0,2018.0,572750 (2014-2018),True
Elieser Hernández,2024,2024,1,1,622694,2018.0,2026.0,622694 (2018-2026),True
Enderson Franco,2021,2021,1,1,575070,2019.0,2019.0,575070 (2019-2019),True
Enmanuel De Jesus,2024,2024,1,1,646241,2023.0,2026.0,646241 (2023-2026),True
Eric Hacker,2015,2018,4,1,459345,2009.0,2012.0,459345 (2009-2012),True
Eric Jokisch,2019,2024,6,1,518852,2014.0,2014.0,518852 (2014-2014),True
Eric Lauer,2024,2024,1,1,641778,2018.0,2026.0,641778 (2018-2026),True
Eric Stout,2024,2024,1,1,657770,2018.0,2022.0,657770 (2018-2022),True
Eric Surkamp,2016,2016,1,1,474668,2011.0,2016.0,474668 (2011-2016),True
Erick Fedde,2023,2023,1,1,607200,2017.0,2026.0,607200 (2017-2026),True
Esmil Rogers,2015,2018,3,1,469134,2009.0,2015.0,469134 (2009-2015),True
Evan Meek,2015,2015,1,1,457425,2008.0,2014.0,457425 (2008-2014),True
Fabio Castillo,2016,2016,1,1,503566,2017.0,2017.0,503566 (2017-2017),True
Félix Doubront,2018,2018,1,1,467094,2010.0,2015.0,467094 (2010-2015),True
Félix Peña,2022,2024,3,1,570240,2016.0,2021.0,570240 (2016-2021),True
Glenn Sparkman,2022,2022,1,1,642098,2017.0,2020.0,642098 (2017-2020),True
Henry Sosa,2015,2019,5,1,464400,2011.0,2011.0,464400 (2011-2011),True
Héctor Noesí,2016,2018,3,1,456051,2011.0,2019.0,456051 (2011-2019),True
Ian McKinney,2023,2023,1,0,,,,,False
Ivan Nova,2022,2022,1,1,467100,2010.0,2020.0,467100 (2010-2020),True
Jacob Turner,2019,2019,1,1,545363,2011.0,2018.0,545363 (2011-2018),True
Jaime Barría,2024,2024,1,1,642545,2018.0,2023.0,642545 (2018-2023),True
Jake Brigham,2017,2021,5,1,502010,2015.0,2015.0,502010 (2015-2015),True
Jake Thompson,2019,2019,1,1,622097,2016.0,2018.0,622097 (2016-2018),True
James Naile,2024,2024,1,1,664942,2022.0,2023.0,664942 (2022-2023),True
Jason Wheeler,2018,2018,1,1,605528,2017.0,2017.0,605528 (2017-2017),True
Jeff Manship,2017,2017,1,1,453249,2009.0,2016.0,453249 (2009-2016),True
Joe Wieland,2019,2019,1,1,543921,2012.0,2016.0,543921 (2012-2016),True
Jordan Balazovic,2024,2024,1,1,666364,2023.0,2023.0,666364 (2023-2023),True
Josh Lindblom,2015,2019,5,1,458676,2011.0,2021.0,458676 (2011-2021),True
Josh Lowey,2016,2016,1,0,,,,,False
Josh Smith,2021,2021,1,3,,,,605479 (2019-2020); 669701 (2022-2026); 595001 (2015-2020),True
Josh Stinson,2015,2015,1,1,502139,2011.0,2014.0,502139 (2011-2014),True
Justin Germano,2015,2015,1,1,430683,2004.0,2014.0,430683 (2004-2014),True
Justin Haley,2019,2019,1,1,595234,2017.0,2018.0,595234 (2017-2018),True
Keisho Shirakawa,2024,2024,2,0,,,,,False
Keyvius Sampson,2018,2018,1,1,572102,2015.0,2016.0,572102 (2015-2016),True
Kirk McCarty,2023,2023,1,1,668948,2022.0,2022.0,668948 (2022-2022),True
Kyle Hart,2024,2024,1,1,606996,2020.0,2026.0,606996 (2020-2026),True
Lisalverto Bonilla,2018,2018,1,1,570810,2014.0,2017.0,570810 (2014-2017),True
Logan Verrett,2018,2018,1,1,548337,2015.0,2017.0,548337 (2015-2017),True
Lucas Harrell,2015,2015,1,1,449173,2010.0,2017.0,449173 (2010-2017),True
Mario Sanchez,2023,2023,1,0,,,,,False
Matthew Dermody,2022,2022,1,1,571616,,,,True
Merrill Kelly,2015,2018,4,1,518876,2019.0,2026.0,518876 (2019-2026),True
Michael Bowden,2016,2017,2,1,476601,2008.0,2013.0,476601 (2008-2013),True
Mike Montgomery,2021,2021,1,1,543557,2015.0,2020.0,543557 (2015-2020),True
Mitch Talbot,2015,2015,1,1,452676,2008.0,2011.0,452676 (2008-2011),True
Nicholas Kingham,2020,2022,3,1,592468,,,,True
Nick Additon,2017,2017,1,0,,,,,False
Odrisamer Despaigne,2020,2022,3,1,628333,2014.0,2019.0,628333 (2014-2019),True
Pat Dean,2017,2018,2,1,534737,2016.0,2016.0,534737 (2016-2016),True
Phil Irwin,2015,2015,1,1,572947,2013.0,2014.0,572947 (2013-2014),True
Philip Humber,2015,2015,1,1,458950,2006.0,2013.0,458950 (2006-2013),True
Raúl Alcántara,2019,2024,4,1,593417,2016.0,2017.0,593417 (2016-2017),True
Ricardo Pinto,2020,2020,1,1,620982,2017.0,2024.0,620982 (2017-2024),True
Ricardo Sánchez,2023,2024,2,1,645307,2020.0,2020.0,645307 (2020-2020),True
Robert Coello,2016,2016,1,1,445193,2010.0,2013.0,445193 (2010-2013),True
Robert Dugger,2024,2024,1,1,667498,2019.0,2022.0,667498 (2019-2022),True
Robert Stock,2022,2022,1,1,476594,2018.0,2026.0,476594 (2018-2026),True
Roenis Elías,2023,2024,2,1,606273,2014.0,2022.0,606273 (2014-2022),True
Ronnie Williams,2022,2022,1,0,,,,,False
Ryan Carpenter,2021,2022,2,1,543001,2018.0,2019.0,543001 (2018-2019),True
Ryan Feierabend,2015,2018,4,1,456387,2006.0,2019.0,456387 (2006-2019),True
Ryan Weiss,2024,2024,1,1,680802,2026.0,2026.0,680802 (2026-2026),True
Sam Gaviglio,2021,2021,1,1,543208,2017.0,2020.0,543208 (2017-2020),True
Scott Copeland,2016,2016,1,1,571577,2015.0,2018.0,571577 (2015-2018),True
Scott Diamond,2017,2017,1,1,539438,2011.0,2016.0,539438 (2011-2016),True
Scott McGregor,2016,2016,1,0,,,,,True
Sean Nolin,2022,2022,1,1,543594,2013.0,2023.0,543594 (2013-2023),True
Sean O'Sullivan,2017,2017,1,1,457711,2009.0,2016.0,457711 (2009-2016),True
Seth Frankoff,2018,2019,2,1,571676,2017.0,2021.0,571676 (2017-2021),True
Shane Youman,2015,2015,1,1,456558,2006.0,2007.0,456558 (2006-2007),True
Shaun Anderson,2023,2023,1,1,641312,2019.0,2026.0,641312 (2019-2026),True
Shawn Morimando,2022,2022,1,1,596049,2016.0,2021.0,596049 (2016-2021),True
Sugar Marimon,2016,2016,1,1,516970,,,,True
Tanner Tully,2023,2023,1,1,668684,2022.0,2022.0,668684 (2022-2022),True
Taylor Widener,2023,2023,1,1,642203,2020.0,2022.0,642203 (2020-2022),True
Thomas Pannone,2022,2023,2,1,623381,2018.0,2026.0,623381 (2018-2026),True
Tim Adleman,2018,2018,1,1,534947,2016.0,2017.0,534947 (2016-2017),True
Travis Banwart,2015,2016,2,0,,,,,False
Tyler Cloyd,2015,2015,1,1,543031,2012.0,2018.0,543031 (2012-2018),True
Tyler Eppler,2022,2022,1,0,,,,,False
Tyler Wilson,2018,2020,3,1,592869,2015.0,2017.0,592869 (2015-2017),True
Walker Lockett,2021,2021,1,1,621141,2018.0,2020.0,621141 (2018-2020),True
Wang Wei-chung,2018,2018,1,1,623913,,,,True
Warwick Saupold,2019,2020,2,1,599683,2016.0,2018.0,599683 (2016-2018),True
Wes Benjamin,2022,2024,3,1,605138,2020.0,2021.0,605138 (2020-2021),True
Wesley Parsons,2021,2022,2,1,641149,,,,True
William Crowe,2024,2024,1,1,640444,,,,True
William Cuevas,2019,2024,6,1,571035,2016.0,2018.0,571035 (2016-2018),True
Wilmer Font,2021,2022,2,1,521655,2012.0,2020.0,521655 (2012-2020),True
Yefry Ramírez,2022,2022,1,1,606162,2018.0,2021.0,606162 (2018-2021),True
Yohan Flande,2016,2016,1,1,456071,2014.0,2016.0,456071 (2014-2016),True
Yohan Pino,2016,2016,1,1,464416,2014.0,2015.0,464416 (2014-2015),True
Yunesky Maya,2015,2015,1,1,493337,2010.0,2013.0,493337 (2010-2013),True
Zach Petrick,2017,2017,1,0,,,,,False
Zach Stewart,2015,2016,2,1,543819,2011.0,2012.0,543819 (2011-2012),True
Zeke Spruill,2016,2016,1,1,543809,2013.0,2014.0,543809 (2013-2014),True
Ángel Sánchez,2018,2019,2,1,605795,,,447816 (2006-2013); 605795 (2017-2017),True
